Data Availability ,,,,,
For all countries and territories with monthly data,,,,,
,,,,,
0,No Data,,,,
1,Reporting Data,,,,
,,,,,
,,,,,
Countries and Territories,2025-M11,2025-M12,2026-M01,2026-M02,2026-M03
Afghanistan,0,0,0,0,0
Albania,0,0,0,0,0
Algeria,0,0,0,0,0
American Samoa,0,0,0,0,0
Andorra,0,0,0,0,0
Angola,0,0,0,0,0
Anguilla,0,0,0,0,0
Antigua and Barbuda,0,0,0,0,0
Argentina,1,1,1,1,1
Armenia,1,0,0,0,0
Aruba,0,0,0,0,0
Australia,1,1,1,1,1
Austria,1,1,1,1,0
Azerbaijan,0,0,0,0,0
Bahamas,0,0,0,0,0
Bahrain,1,1,1,1,1
Bangladesh,0,0,0,0,0
Barbados,1,1,1,1,1
Belarus,0,0,0,0,0
Belgium,1,1,1,1,0
Belize,1,1,1,1,1
Benin,1,1,0,0,0
Bermuda,0,0,0,0,0
Bhutan,0,0,0,0,0
"Bolivia, Plurinational State of",1,1,1,1,1
"Bonaire, Sint Eustatius and Saba",0,0,0,0,0
Bosnia and Herzegovina,1,1,1,1,1
Botswana,0,0,0,0,0
Bouvet Island,0,0,0,0,0
Brazil,1,1,1,1,1
British Antarctic Territory,0,0,0,0,0
British Indian Ocean Territory,0,0,0,0,0
British Virgin Islands,0,0,0,0,0
Brunei Darussalam,1,1,0,0,0
Bulgaria,1,1,1,1,0
Burkina Faso,1,1,1,1,1
Burundi,0,0,0,0,0
Cabo Verde,0,0,0,0,0
Cambodia,1,1,1,1,1
Cameroon,0,0,0,0,0
Canada,1,1,1,1,1
Cayman Islands,0,0,0,0,0
Central African Republic,0,0,0,0,0
Chad,0,0,0,0,0
Chile,1,1,1,1,1
China,1,1,1,1,1
Christmas Island,0,0,0,0,0
Cocos (Keeling) Islands,0,0,0,0,0
Colombia,1,1,1,1,0
Comoros,0,0,0,0,0
Congo,0,0,0,0,0
"Congo, Democratic Republic of the",1,1,0,0,0
Cook Islands,0,0,0,0,0
Costa Rica,1,1,1,1,0
Côte d'Ivoire,1,1,0,0,0
Croatia,1,1,1,1,0
Cuba,0,0,0,0,0
Curaçao,0,0,0,0,0
Cyprus,1,1,1,1,0
Czech Republic,1,1,1,1,1
Denmark,1,1,1,1,0
Djibouti,0,0,0,0,0
Dominica,0,0,0,0,0
Dominican Republic,1,1,0,0,0
Ecuador,1,1,1,1,0
Egypt,0,0,0,0,0
El Salvador,1,1,1,1,1
Equatorial Guinea,0,0,0,0,0
Eritrea,0,0,0,0,0
Estonia,1,1,1,1,1
Eswatini,0,0,0,0,0
Ethiopia,0,0,0,0,0
Falkland Islands (Malvinas),0,0,0,0,0
Faroe Islands,0,0,0,0,0
Fiji,1,1,0,0,0
Finland,1,1,1,1,0
France,1,1,1,1,1
French Polynesia,0,0,0,0,0
French Southern and Antarctic Territories,0,0,0,0,0
Gabon,0,0,0,0,0
Gambia,0,0,0,0,0
Georgia,1,1,1,1,1
Germany,1,1,1,1,0
Ghana,0,0,0,0,0
Gibraltar,0,0,0,0,0
Greece,1,1,1,1,1
Greenland,0,0,0,0,0
Grenada,0,0,0,0,0
Guam,0,0,0,0,0
Guatemala,1,1,1,0,0
Guinea,0,0,0,0,0
Guinea-Bissau,0,0,0,0,0
Guyana,1,1,0,0,0
Haiti,0,0,0,0,0
Honduras,0,0,0,0,0
"Hong Kong, China",1,1,1,1,1
Hungary,1,1,1,1,1
Iceland,1,1,1,1,1
India,1,1,1,1,0
Indonesia,1,1,1,1,1
"Iran, Islamic Republic of",0,0,0,0,0
Iraq,0,0,0,0,0
Ireland,1,1,1,1,1
Israel,1,1,1,1,0
Italy,1,1,1,1,0
Jamaica,0,0,0,0,0
Japan,1,1,1,1,1
Jordan,0,0,0,0,0
Kazakhstan,1,1,0,0,0
Kenya,0,0,0,0,0
Kiribati,0,0,0,0,0
"Korea, Democratic People's Republic of",0,0,0,0,0
"Korea, Republic of",1,1,1,1,1
Kuwait,0,0,0,0,0
Kyrgyzstan,0,0,0,0,0
Lao People's Democratic Republic,0,0,0,0,0
Latvia,1,1,1,1,1
Lebanon,0,0,0,0,0
Lesotho,0,0,0,0,0
Liberia,1,1,0,0,0
"Libya, State of",0,0,0,0,0
Lithuania,1,1,1,1,1
Luxembourg,1,1,1,1,0
"Macao, China",0,0,0,0,0
"Macedonia, North",0,0,0,0,0
Madagascar,1,1,1,1,1
Malawi,1,1,0,0,0
Malaysia,1,1,1,1,1
Maldives,1,1,0,0,0
Mali,0,0,0,0,0
Malta,1,1,1,1,0
Marshall Islands,0,0,0,0,0
Mauritania,1,1,0,0,0
Mauritius,1,1,1,0,0
Mayotte,0,0,0,0,0
Mexico,0,0,0,0,0
"Micronesia, Federated States of",0,0,0,0,0
"Moldova, Republic of",0,0,0,0,0
Mongolia,1,1,1,1,1
Montenegro,0,0,0,0,0
Montserrat,0,0,0,0,0
Morocco,1,1,0,0,0
Mozambique,0,0,0,0,0
Myanmar,0,0,0,0,0
Namibia,1,1,1,1,0
Nauru,0,0,0,0,0
Nepal,0,0,0,0,0
Netherlands,1,1,1,1,0
Netherlands Antilles,0,0,0,0,0
New Caledonia,0,0,0,0,0
New Zealand,1,1,1,1,1
Nicaragua,1,1,0,0,0
Niger,0,0,0,0,0
Nigeria,0,0,0,0,0
Niue,0,0,0,0,0
Norfolk Island,0,0,0,0,0
Northern Mariana Islands,0,0,0,0,0
Norway,1,1,1,1,1
Oman,0,0,0,0,0
Pakistan,1,1,0,0,0
Palau,0,0,0,0,0
"Palestine, State of",0,0,0,0,0
Panama,1,1,0,0,0
Papua New Guinea,0,0,0,0,0
Paraguay,1,1,1,1,1
Peru,1,1,0,0,0
Philippines,1,1,0,0,0
Pitcairn,0,0,0,0,0
Poland,1,1,1,1,0
Portugal,1,1,1,1,1
Qatar,0,0,0,0,0
Romania,1,1,1,1,0
Russian Federation,0,0,0,0,0
Rwanda,1,1,0,0,0
Saint Helena,0,0,0,0,0
Saint Kitts and Nevis,0,0,0,0,0
Saint Lucia,0,0,0,0,0
Saint Pierre and Miquelon,0,0,0,0,0
Saint Vincent and the Grenadines,0,0,0,0,0
Samoa,1,1,1,0,0
Sao Tome and Principe,1,1,0,0,0
Saudi Arabia,1,1,0,0,0
Senegal,0,0,0,0,0
Serbia,1,1,1,1,1
Serbia and Montenegro,0,0,0,0,0
Seychelles,1,1,1,1,1
Sierra Leone,0,0,0,0,0
Singapore,1,1,1,1,0
Sint Maarten (Dutch part),0,0,0,0,0
Slovakia,1,1,1,1,0
Slovenia,1,1,1,1,0
Solomon Islands,0,0,0,0,0
Somalia,0,0,0,0,0
South Africa,1,1,1,1,1
South Sudan,0,0,0,0,0
Spain,1,1,1,1,1
Sri Lanka,0,0,0,0,0
Sudan,0,0,0,0,0
Sudan (before 2012),0,0,0,0,0
Suriname,0,0,0,0,0
Sweden,1,1,1,1,0
Switzerland,1,1,1,1,1
Syrian Arab Republic,0,0,0,0,0
"Taipei, Chinese",1,1,1,1,1
Tajikistan,0,0,0,0,0
"Tanzania, United Republic of",0,0,0,0,0
Thailand,1,1,1,1,1
Timor-Leste,0,0,0,0,0
Togo,0,0,0,0,0
Tokelau,0,0,0,0,0
Tonga,0,0,0,0,0
Trinidad and Tobago,1,1,0,0,0
Tunisia,0,0,0,0,0
Türkiye,1,1,1,1,1
Turkmenistan,0,0,0,0,0
Turks and Caicos Islands,0,0,0,0,0
Tuvalu,0,0,0,0,0
Uganda,0,0,0,0,0
Ukraine,0,0,0,0,0
United Arab Emirates,0,0,0,0,0
United Kingdom,1,1,1,1,0
United States Minor Outlying Islands,0,0,0,0,0
United States of America,1,1,1,1,1
Uruguay,1,1,1,0,0
Uzbekistan,0,0,0,0,0
Vanuatu,0,0,0,0,0
"Venezuela, Bolivarian Republic of",0,0,0,0,0
Viet Nam,0,0,0,0,0
Wallis and Futuna Islands,0,0,0,0,0
Western Sahara,0,0,0,0,0
Yemen,0,0,0,0,0
Zambia,1,1,1,1,1
Zimbabwe,1,1,0,0,0